date,fuel_type,price,data_file
2015-01-02,DIESEL,1.133,http://www.fuelprices.gr/files/deltia/EBDOM_DELTIO_02_01_2015.pdf
2015-01-09,DIESEL,1.11,http://www.fuelprices.gr/files/deltia/EBDOM_DELTIO_09_01_2015.pdf
2015-01-16,DIESEL,1.086,http://www.fuelprices.gr/files/deltia/EBDOM_DELTIO_16_01_2015.pdf
2015-01-23,DIESEL,1.08,http://www.fuelprices.gr/files/deltia/EBDOM_DELTIO_23_01_2015.pdf
2015-01-30,DIESEL,1.089,http://www.fuelprices.gr/files/deltia/EBDOM_DELTIO_30_01_2015.pdf
2015-02-06,DIESEL,1.119,http://www.fuelprices.gr/files/deltia/EBDOM_DELTIO_06_02_2015.pdf
2015-02-13,DIESEL,1.15,http://www.fuelprices.gr/files/deltia/EBDOM_DELTIO_13_02_2015.pdf
2015-02-20,DIESEL,1.172,http://www.fuelprices.gr/files/deltia/EBDOM_DELTIO_20_02_2015.pdf
2015-02-27,DIESEL,1.18,http://www.fuelprices.gr/files/deltia/EBDOM_DELTIO_27_02_2015.pdf
2015-03-06,DIESEL,1.195,http://www.fuelprices.gr/files/deltia/EBDOM_DELTIO_02_03_2015.pdf
2015-03-13,DIESEL,1.2,http://www.fuelprices.gr/files/deltia/EBDOM_DELTIO_13_03_2015.pdf
2015-03-20,DIESEL,1.197,http://www.fuelprices.gr/files/deltia/EBDOM_DELTIO_20_03_2015.pdf
2015-03-27,DIESEL,1.19,http://www.fuelprices.gr/files/deltia/EBDOM_DELTIO_27_03_2015.pdf
2015-04-03,DIESEL,1.187,http://www.fuelprices.gr/files/deltia/EBDOM_DELTIO_03_04_2015.pdf
2015-04-10,DIESEL,1.185,http://www.fuelprices.gr/files/deltia/EBDOM_DELTIO_10_04_2015.pdf
2015-04-17,DIESEL,1.2,http://www.fuelprices.gr/files/deltia/EBDOM_DELTIO_17_04_2015.pdf
2015-04-24,DIESEL,1.214,http://www.fuelprices.gr/files/deltia/EBDOM_DELTIO_24_04_2015.pdf
2015-05-01,DIESEL,1.222,http://www.fuelprices.gr/files/deltia/EBDOM_DELTIO_01_05_2015.pdf
2015-05-08,DIESEL,1.224,http://www.fuelprices.gr/files/deltia/EBDOM_DELTIO_08_05_2015.pdf
2015-05-15,DIESEL,1.222,http://www.fuelprices.gr/files/deltia/EBDOM_DELTIO_15_05_2015.pdf
2015-05-22,DIESEL,1.222,http://www.fuelprices.gr/files/deltia/EBDOM_DELTIO_22_05_2015.pdf
2015-05-29,DIESEL,1.221,http://www.fuelprices.gr/files/deltia/EBDOM_DELTIO_29_05_2015.pdf
2015-06-05,DIESEL,1.223,http://www.fuelprices.gr/files/deltia/EBDOM_DELTIO_05_06_2015.pdf
2015-06-12,DIESEL,1.219,http://www.fuelprices.gr/files/deltia/EBDOM_DELTIO_12_06_2015.pdf
2015-06-19,DIESEL,1.218,http://www.fuelprices.gr/files/deltia/EBDOM_DELTIO_19_06_2015.pdf
2015-06-26,DIESEL,1.211,http://www.fuelprices.gr/files/deltia/EBDOM_DELTIO_26_06_2015.pdf
2015-07-03,DIESEL,1.212,http://www.fuelprices.gr/files/deltia/EBDOM_DELTIO_03_07_2015.pdf
2015-07-10,DIESEL,1.208,http://www.fuelprices.gr/files/deltia/EBDOM_DELTIO_10_07_2015.pdf
2015-07-17,DIESEL,1.197,http://www.fuelprices.gr/files/deltia/EBDOM_DELTIO_17_07_2015.pdf
2015-07-24,DIESEL,1.186,http://www.fuelprices.gr/files/deltia/EBDOM_DELTIO_24_07_2015.pdf
2015-07-31,DIESEL,1.169,http://www.fuelprices.gr/files/deltia/EBDOM_DELTIO_31_07_2015.pdf
2015-08-07,DIESEL,1.156,http://www.fuelprices.gr/files/deltia/EBDOM_DELTIO_07_08_2015.pdf
2015-08-14,DIESEL,1.141,http://www.fuelprices.gr/files/deltia/EBDOM_DELTIO_14_08_2015.pdf
2015-08-21,DIESEL,1.131,http://www.fuelprices.gr/files/deltia/EBDOM_DELTIO_21_08_2015.pdf
2015-08-28,DIESEL,1.106,http://www.fuelprices.gr/files/deltia/EBDOM_DELTIO_28_08_2015.pdf
2015-09-04,DIESEL,1.102,http://www.fuelprices.gr/files/deltia/EBDOM_DELTIO_04_09_2015.pdf
2015-09-11,DIESEL,1.111,http://www.fuelprices.gr/files/deltia/EBDOM_DELTIO_11_09_2015.pdf
2015-09-25,DIESEL,1.102,http://www.fuelprices.gr/files/deltia/EBDOM_DELTIO_25_09_2015.pdf
2015-10-02,DIESEL,1.099,http://www.fuelprices.gr/files/deltia/EBDOM_DELTIO_02_10_2015.pdf
2015-10-09,DIESEL,1.097,http://www.fuelprices.gr/files/deltia/EBDOM_DELTIO_09_10_2015.pdf
2015-10-16,DIESEL,1.096,http://www.fuelprices.gr/files/deltia/EBDOM_DELTIO_16_10_2015.pdf
2015-10-23,DIESEL,1.084,http://www.fuelprices.gr/files/deltia/EBDOM_DELTIO_23_10_2015.pdf
2015-10-30,DIESEL,1.08,http://www.fuelprices.gr/files/deltia/EBDOM_DELTIO_30_10_2015.pdf
2015-11-06,DIESEL,1.083,http://www.fuelprices.gr/files/deltia/EBDOM_DELTIO_06_11_2015.pdf
2015-11-13,DIESEL,1.088,http://www.fuelprices.gr/files/deltia/EBDOM_DELTIO_13_11_2015.pdf
2015-11-20,DIESEL,1.081,http://www.fuelprices.gr/files/deltia/EBDOM_DELTIO_20_11_2015.pdf
2015-11-27,DIESEL,1.081,http://www.fuelprices.gr/files/deltia/EBDOM_DELTIO_27_11_2015.pdf
2015-12-04,DIESEL,1.081,http://www.fuelprices.gr/files/deltia/EBDOM_DELTIO_04_12_2015.pdf
2015-12-11,DIESEL,1.06,http://www.fuelprices.gr/files/deltia/EBDOM_DELTIO_11_12_2015.pdf
2015-12-18,DIESEL,1.03,http://www.fuelprices.gr/files/deltia/EBDOM_DELTIO_18_12_2015.pdf
2015-12-25,DIESEL,1.017,http://www.fuelprices.gr/files/deltia/EBDOM_DELTIO_25_12_2015.pdf
2016-01-01,DIESEL,1.007,http://www.fuelprices.gr/files/deltia/EBDOM_DELTIO_01_01_2016.pdf
2015-01-02,DIESEL_HEATING,0.736,http://www.fuelprices.gr/files/deltia/EBDOM_DELTIO_02_01_2015.pdf
2015-01-09,DIESEL_HEATING,0.704,http://www.fuelprices.gr/files/deltia/EBDOM_DELTIO_09_01_2015.pdf
2015-01-16,DIESEL_HEATING,0.655,http://www.fuelprices.gr/files/deltia/EBDOM_DELTIO_16_01_2015.pdf
2015-01-23,DIESEL_HEATING,0.651,http://www.fuelprices.gr/files/deltia/EBDOM_DELTIO_23_01_2015.pdf
2015-01-30,DIESEL_HEATING,0.674,http://www.fuelprices.gr/files/deltia/EBDOM_DELTIO_30_01_2015.pdf
2015-02-06,DIESEL_HEATING,0.707,http://www.fuelprices.gr/files/deltia/EBDOM_DELTIO_06_02_2015.pdf
2015-02-13,DIESEL_HEATING,0.736,http://www.fuelprices.gr/files/deltia/EBDOM_DELTIO_13_02_2015.pdf
2015-02-20,DIESEL_HEATING,0.749,http://www.fuelprices.gr/files/deltia/EBDOM_DELTIO_20_02_2015.pdf
2015-02-27,DIESEL_HEATING,0.759,http://www.fuelprices.gr/files/deltia/EBDOM_DELTIO_27_02_2015.pdf
2015-03-06,DIESEL_HEATING,0.782,http://www.fuelprices.gr/files/deltia/EBDOM_DELTIO_02_03_2015.pdf
2015-03-13,DIESEL_HEATING,0.805,http://www.fuelprices.gr/files/deltia/EBDOM_DELTIO_13_03_2015.pdf
2015-03-20,DIESEL_HEATING,0.81,http://www.fuelprices.gr/files/deltia/EBDOM_DELTIO_20_03_2015.pdf
2015-03-27,DIESEL_HEATING,0.78,http://www.fuelprices.gr/files/deltia/EBDOM_DELTIO_27_03_2015.pdf
2015-04-03,DIESEL_HEATING,0.758,http://www.fuelprices.gr/files/deltia/EBDOM_DELTIO_03_04_2015.pdf
2015-04-10,DIESEL_HEATING,0.747,http://www.fuelprices.gr/files/deltia/EBDOM_DELTIO_10_04_2015.pdf
2015-04-17,DIESEL_HEATING,0.743,http://www.fuelprices.gr/files/deltia/EBDOM_DELTIO_17_04_2015.pdf
2015-04-24,DIESEL_HEATING,0.735,http://www.fuelprices.gr/files/deltia/EBDOM_DELTIO_24_04_2015.pdf
2015-10-16,DIESEL_HEATING,0.679,http://www.fuelprices.gr/files/deltia/EBDOM_DELTIO_16_10_2015.pdf
2015-10-23,DIESEL_HEATING,0.679,http://www.fuelprices.gr/files/deltia/EBDOM_DELTIO_23_10_2015.pdf
2015-10-30,DIESEL_HEATING,0.675,http://www.fuelprices.gr/files/deltia/EBDOM_DELTIO_30_10_2015.pdf
2015-11-20,DIESEL_HEATING,0.674,http://www.fuelprices.gr/files/deltia/EBDOM_DELTIO_20_11_2015.pdf
2015-11-27,DIESEL_HEATING,0.673,http://www.fuelprices.gr/files/deltia/EBDOM_DELTIO_27_11_2015.pdf
2015-12-18,DIESEL_HEATING,0.672,http://www.fuelprices.gr/files/deltia/EBDOM_DELTIO_18_12_2015.pdf
2015-12-25,DIESEL_HEATING,0.67,http://www.fuelprices.gr/files/deltia/EBDOM_DELTIO_25_12_2015.pdf
2016-01-01,DIESEL_HEATING,0.673,http://www.fuelprices.gr/files/deltia/EBDOM_DELTIO_01_01_2016.pdf
2015-01-02,GAS,0.898,http://www.fuelprices.gr/files/deltia/EBDOM_DELTIO_02_01_2015.pdf
2015-01-09,GAS,0.877,http://www.fuelprices.gr/files/deltia/EBDOM_DELTIO_09_01_2015.pdf
2015-01-16,GAS,0.851,http://www.fuelprices.gr/files/deltia/EBDOM_DELTIO_16_01_2015.pdf
2015-01-23,GAS,0.848,http://www.fuelprices.gr/files/deltia/EBDOM_DELTIO_23_01_2015.pdf
2015-01-30,GAS,0.854,http://www.fuelprices.gr/files/deltia/EBDOM_DELTIO_30_01_2015.pdf
2015-02-06,GAS,0.886,http://www.fuelprices.gr/files/deltia/EBDOM_DELTIO_06_02_2015.pdf
2015-02-13,GAS,0.922,http://www.fuelprices.gr/files/deltia/EBDOM_DELTIO_13_02_2015.pdf
2015-02-20,GAS,0.945,http://www.fuelprices.gr/files/deltia/EBDOM_DELTIO_20_02_2015.pdf
2015-02-27,GAS,0.947,http://www.fuelprices.gr/files/deltia/EBDOM_DELTIO_27_02_2015.pdf
2015-03-06,GAS,0.952,http://www.fuelprices.gr/files/deltia/EBDOM_DELTIO_02_03_2015.pdf
2015-03-13,GAS,0.956,http://www.fuelprices.gr/files/deltia/EBDOM_DELTIO_13_03_2015.pdf
2015-03-20,GAS,0.945,http://www.fuelprices.gr/files/deltia/EBDOM_DELTIO_20_03_2015.pdf
2015-03-27,GAS,0.938,http://www.fuelprices.gr/files/deltia/EBDOM_DELTIO_27_03_2015.pdf
2015-04-03,GAS,0.934,http://www.fuelprices.gr/files/deltia/EBDOM_DELTIO_03_04_2015.pdf
2015-04-10,GAS,0.934,http://www.fuelprices.gr/files/deltia/EBDOM_DELTIO_10_04_2015.pdf
2015-04-17,GAS,0.943,http://www.fuelprices.gr/files/deltia/EBDOM_DELTIO_17_04_2015.pdf
2015-04-24,GAS,0.957,http://www.fuelprices.gr/files/deltia/EBDOM_DELTIO_24_04_2015.pdf
2015-05-01,GAS,0.729,http://www.fuelprices.gr/files/deltia/EBDOM_DELTIO_01_05_2015.pdf
2015-05-08,GAS,0.727,http://www.fuelprices.gr/files/deltia/EBDOM_DELTIO_08_05_2015.pdf
2015-05-15,GAS,0.727,http://www.fuelprices.gr/files/deltia/EBDOM_DELTIO_15_05_2015.pdf
2015-05-22,GAS,0.735,http://www.fuelprices.gr/files/deltia/EBDOM_DELTIO_22_05_2015.pdf
2015-05-29,GAS,0.732,http://www.fuelprices.gr/files/deltia/EBDOM_DELTIO_29_05_2015.pdf
2015-06-05,GAS,0.713,http://www.fuelprices.gr/files/deltia/EBDOM_DELTIO_05_06_2015.pdf
2015-06-12,GAS,0.69,http://www.fuelprices.gr/files/deltia/EBDOM_DELTIO_12_06_2015.pdf
2015-06-19,GAS,0.677,http://www.fuelprices.gr/files/deltia/EBDOM_DELTIO_19_06_2015.pdf
2015-06-26,GAS,0.666,http://www.fuelprices.gr/files/deltia/EBDOM_DELTIO_26_06_2015.pdf
2015-07-03,GAS,0.687,http://www.fuelprices.gr/files/deltia/EBDOM_DELTIO_03_07_2015.pdf
2015-07-10,GAS,0.699,http://www.fuelprices.gr/files/deltia/EBDOM_DELTIO_10_07_2015.pdf
2015-07-17,GAS,0.693,http://www.fuelprices.gr/files/deltia/EBDOM_DELTIO_17_07_2015.pdf
2015-07-24,GAS,0.681,http://www.fuelprices.gr/files/deltia/EBDOM_DELTIO_24_07_2015.pdf
2015-07-31,GAS,0.671,http://www.fuelprices.gr/files/deltia/EBDOM_DELTIO_31_07_2015.pdf
2015-08-07,GAS,0.665,http://www.fuelprices.gr/files/deltia/EBDOM_DELTIO_07_08_2015.pdf
2015-08-14,GAS,0.657,http://www.fuelprices.gr/files/deltia/EBDOM_DELTIO_14_08_2015.pdf
2015-08-21,GAS,0.653,http://www.fuelprices.gr/files/deltia/EBDOM_DELTIO_21_08_2015.pdf
2015-08-28,GAS,0.647,http://www.fuelprices.gr/files/deltia/EBDOM_DELTIO_28_08_2015.pdf
2015-09-04,GAS,0.653,http://www.fuelprices.gr/files/deltia/EBDOM_DELTIO_04_09_2015.pdf
2015-09-11,GAS,0.662,http://www.fuelprices.gr/files/deltia/EBDOM_DELTIO_11_09_2015.pdf
2015-09-25,GAS,0.671,http://www.fuelprices.gr/files/deltia/EBDOM_DELTIO_25_09_2015.pdf
2015-10-02,GAS,0.672,http://www.fuelprices.gr/files/deltia/EBDOM_DELTIO_02_10_2015.pdf
2015-10-09,GAS,0.674,http://www.fuelprices.gr/files/deltia/EBDOM_DELTIO_09_10_2015.pdf
2015-10-16,GAS,0.828,http://www.fuelprices.gr/files/deltia/EBDOM_DELTIO_16_10_2015.pdf
2015-10-23,GAS,0.818,http://www.fuelprices.gr/files/deltia/EBDOM_DELTIO_23_10_2015.pdf
2015-10-30,GAS,0.821,http://www.fuelprices.gr/files/deltia/EBDOM_DELTIO_30_10_2015.pdf
2015-11-06,GAS,0.829,http://www.fuelprices.gr/files/deltia/EBDOM_DELTIO_06_11_2015.pdf
2015-11-13,GAS,0.828,http://www.fuelprices.gr/files/deltia/EBDOM_DELTIO_13_11_2015.pdf
2015-11-20,GAS,0.822,http://www.fuelprices.gr/files/deltia/EBDOM_DELTIO_20_11_2015.pdf
2015-11-27,GAS,0.822,http://www.fuelprices.gr/files/deltia/EBDOM_DELTIO_27_11_2015.pdf
2015-12-04,GAS,0.819,http://www.fuelprices.gr/files/deltia/EBDOM_DELTIO_04_12_2015.pdf
2015-12-11,GAS,0.792,http://www.fuelprices.gr/files/deltia/EBDOM_DELTIO_11_12_2015.pdf
2015-12-18,GAS,0.758,http://www.fuelprices.gr/files/deltia/EBDOM_DELTIO_18_12_2015.pdf
2015-12-25,GAS,0.749,http://www.fuelprices.gr/files/deltia/EBDOM_DELTIO_25_12_2015.pdf
2016-01-01,GAS,0.745,http://www.fuelprices.gr/files/deltia/EBDOM_DELTIO_01_01_2016.pdf
2015-01-02,SUPER,1.602,http://www.fuelprices.gr/files/deltia/EBDOM_DELTIO_02_01_2015.pdf
2015-01-09,SUPER,1.582,http://www.fuelprices.gr/files/deltia/EBDOM_DELTIO_09_01_2015.pdf
2015-01-16,SUPER,1.558,http://www.fuelprices.gr/files/deltia/EBDOM_DELTIO_16_01_2015.pdf
2015-01-23,SUPER,1.557,http://www.fuelprices.gr/files/deltia/EBDOM_DELTIO_23_01_2015.pdf
2015-01-30,SUPER,1.54,http://www.fuelprices.gr/files/deltia/EBDOM_DELTIO_30_01_2015.pdf
2015-02-06,SUPER,1.533,http://www.fuelprices.gr/files/deltia/EBDOM_DELTIO_06_02_2015.pdf
2015-02-13,SUPER,1.537,http://www.fuelprices.gr/files/deltia/EBDOM_DELTIO_13_02_2015.pdf
2015-02-20,SUPER,1.572,http://www.fuelprices.gr/files/deltia/EBDOM_DELTIO_20_02_2015.pdf
2015-02-27,SUPER,1.585,http://www.fuelprices.gr/files/deltia/EBDOM_DELTIO_27_02_2015.pdf
2015-03-06,SUPER,1.601,http://www.fuelprices.gr/files/deltia/EBDOM_DELTIO_02_03_2015.pdf
2015-03-13,SUPER,1.603,http://www.fuelprices.gr/files/deltia/EBDOM_DELTIO_13_03_2015.pdf
2015-03-20,SUPER,1.61,http://www.fuelprices.gr/files/deltia/EBDOM_DELTIO_20_03_2015.pdf
2015-03-27,SUPER,1.615,http://www.fuelprices.gr/files/deltia/EBDOM_DELTIO_27_03_2015.pdf
2015-04-03,SUPER,1.613,http://www.fuelprices.gr/files/deltia/EBDOM_DELTIO_03_04_2015.pdf
2015-04-10,SUPER,1.602,http://www.fuelprices.gr/files/deltia/EBDOM_DELTIO_10_04_2015.pdf
2015-04-17,SUPER,1.62,http://www.fuelprices.gr/files/deltia/EBDOM_DELTIO_17_04_2015.pdf
2015-04-24,SUPER,1.642,http://www.fuelprices.gr/files/deltia/EBDOM_DELTIO_24_04_2015.pdf
2015-05-01,SUPER,1.654,http://www.fuelprices.gr/files/deltia/EBDOM_DELTIO_01_05_2015.pdf
2015-05-08,SUPER,1.654,http://www.fuelprices.gr/files/deltia/EBDOM_DELTIO_08_05_2015.pdf
2015-05-15,SUPER,1.643,http://www.fuelprices.gr/files/deltia/EBDOM_DELTIO_15_05_2015.pdf
2015-05-22,SUPER,1.643,http://www.fuelprices.gr/files/deltia/EBDOM_DELTIO_22_05_2015.pdf
2015-05-29,SUPER,1.653,http://www.fuelprices.gr/files/deltia/EBDOM_DELTIO_29_05_2015.pdf
2015-06-05,SUPER,1.656,http://www.fuelprices.gr/files/deltia/EBDOM_DELTIO_05_06_2015.pdf
2015-06-12,SUPER,1.663,http://www.fuelprices.gr/files/deltia/EBDOM_DELTIO_12_06_2015.pdf
2015-06-19,SUPER,1.664,http://www.fuelprices.gr/files/deltia/EBDOM_DELTIO_19_06_2015.pdf
2015-06-26,SUPER,1.665,http://www.fuelprices.gr/files/deltia/EBDOM_DELTIO_26_06_2015.pdf
2015-07-03,SUPER,1.66,http://www.fuelprices.gr/files/deltia/EBDOM_DELTIO_03_07_2015.pdf
2015-07-10,SUPER,1.669,http://www.fuelprices.gr/files/deltia/EBDOM_DELTIO_10_07_2015.pdf
2015-07-17,SUPER,1.663,http://www.fuelprices.gr/files/deltia/EBDOM_DELTIO_17_07_2015.pdf
2015-07-24,SUPER,1.664,http://www.fuelprices.gr/files/deltia/EBDOM_DELTIO_24_07_2015.pdf
2015-07-31,SUPER,1.664,http://www.fuelprices.gr/files/deltia/EBDOM_DELTIO_31_07_2015.pdf
2015-08-07,SUPER,1.658,http://www.fuelprices.gr/files/deltia/EBDOM_DELTIO_07_08_2015.pdf
2015-08-14,SUPER,1.646,http://www.fuelprices.gr/files/deltia/EBDOM_DELTIO_14_08_2015.pdf
2015-08-21,SUPER,1.649,http://www.fuelprices.gr/files/deltia/EBDOM_DELTIO_21_08_2015.pdf
2015-08-28,SUPER,1.617,http://www.fuelprices.gr/files/deltia/EBDOM_DELTIO_28_08_2015.pdf
2015-09-04,SUPER,1.603,http://www.fuelprices.gr/files/deltia/EBDOM_DELTIO_04_09_2015.pdf
2015-09-11,SUPER,1.596,http://www.fuelprices.gr/files/deltia/EBDOM_DELTIO_11_09_2015.pdf
2015-09-25,SUPER,1.587,http://www.fuelprices.gr/files/deltia/EBDOM_DELTIO_25_09_2015.pdf
2015-10-02,SUPER,1.582,http://www.fuelprices.gr/files/deltia/EBDOM_DELTIO_02_10_2015.pdf
2015-10-09,SUPER,1.577,http://www.fuelprices.gr/files/deltia/EBDOM_DELTIO_09_10_2015.pdf
2015-10-16,SUPER,1.581,http://www.fuelprices.gr/files/deltia/EBDOM_DELTIO_16_10_2015.pdf
2015-10-23,SUPER,1.563,http://www.fuelprices.gr/files/deltia/EBDOM_DELTIO_23_10_2015.pdf
2015-10-30,SUPER,1.561,http://www.fuelprices.gr/files/deltia/EBDOM_DELTIO_30_10_2015.pdf
2015-11-06,SUPER,1.566,http://www.fuelprices.gr/files/deltia/EBDOM_DELTIO_06_11_2015.pdf
2015-11-13,SUPER,1.557,http://www.fuelprices.gr/files/deltia/EBDOM_DELTIO_13_11_2015.pdf
2015-11-20,SUPER,1.554,http://www.fuelprices.gr/files/deltia/EBDOM_DELTIO_20_11_2015.pdf
2015-11-27,SUPER,1.549,http://www.fuelprices.gr/files/deltia/EBDOM_DELTIO_27_11_2015.pdf
2015-12-04,SUPER,1.569,http://www.fuelprices.gr/files/deltia/EBDOM_DELTIO_04_12_2015.pdf
2015-12-11,SUPER,1.558,http://www.fuelprices.gr/files/deltia/EBDOM_DELTIO_11_12_2015.pdf
2015-12-18,SUPER,1.539,http://www.fuelprices.gr/files/deltia/EBDOM_DELTIO_18_12_2015.pdf
2015-12-25,SUPER,1.541,http://www.fuelprices.gr/files/deltia/EBDOM_DELTIO_25_12_2015.pdf
2016-01-01,SUPER,1.546,http://www.fuelprices.gr/files/deltia/EBDOM_DELTIO_01_01_2016.pdf
2015-01-02,UNLEADED_100,1.643,http://www.fuelprices.gr/files/deltia/EBDOM_DELTIO_02_01_2015.pdf
2015-01-09,UNLEADED_100,1.615,http://www.fuelprices.gr/files/deltia/EBDOM_DELTIO_09_01_2015.pdf
2015-01-16,UNLEADED_100,1.595,http://www.fuelprices.gr/files/deltia/EBDOM_DELTIO_16_01_2015.pdf
2015-01-23,UNLEADED_100,1.575,http://www.fuelprices.gr/files/deltia/EBDOM_DELTIO_23_01_2015.pdf
2015-01-30,UNLEADED_100,1.573,http://www.fuelprices.gr/files/deltia/EBDOM_DELTIO_30_01_2015.pdf
2015-02-06,UNLEADED_100,1.593,http://www.fuelprices.gr/files/deltia/EBDOM_DELTIO_06_02_2015.pdf
2015-02-13,UNLEADED_100,1.612,http://www.fuelprices.gr/files/deltia/EBDOM_DELTIO_13_02_2015.pdf
2015-02-20,UNLEADED_100,1.633,http://www.fuelprices.gr/files/deltia/EBDOM_DELTIO_20_02_2015.pdf
2015-02-27,UNLEADED_100,1.642,http://www.fuelprices.gr/files/deltia/EBDOM_DELTIO_27_02_2015.pdf
2015-03-06,UNLEADED_100,1.663,http://www.fuelprices.gr/files/deltia/EBDOM_DELTIO_02_03_2015.pdf
2015-03-13,UNLEADED_100,1.681,http://www.fuelprices.gr/files/deltia/EBDOM_DELTIO_13_03_2015.pdf
2015-03-20,UNLEADED_100,1.689,http://www.fuelprices.gr/files/deltia/EBDOM_DELTIO_20_03_2015.pdf
2015-03-27,UNLEADED_100,1.688,http://www.fuelprices.gr/files/deltia/EBDOM_DELTIO_27_03_2015.pdf
2015-04-03,UNLEADED_100,1.689,http://www.fuelprices.gr/files/deltia/EBDOM_DELTIO_03_04_2015.pdf
2015-04-10,UNLEADED_100,1.686,http://www.fuelprices.gr/files/deltia/EBDOM_DELTIO_10_04_2015.pdf
2015-04-17,UNLEADED_100,1.696,http://www.fuelprices.gr/files/deltia/EBDOM_DELTIO_17_04_2015.pdf
2015-04-24,UNLEADED_100,1.711,http://www.fuelprices.gr/files/deltia/EBDOM_DELTIO_24_04_2015.pdf
2015-05-01,UNLEADED_100,1.722,http://www.fuelprices.gr/files/deltia/EBDOM_DELTIO_01_05_2015.pdf
2015-05-08,UNLEADED_100,1.737,http://www.fuelprices.gr/files/deltia/EBDOM_DELTIO_08_05_2015.pdf
2015-05-15,UNLEADED_100,1.731,http://www.fuelprices.gr/files/deltia/EBDOM_DELTIO_15_05_2015.pdf
2015-05-22,UNLEADED_100,1.729,http://www.fuelprices.gr/files/deltia/EBDOM_DELTIO_22_05_2015.pdf
2015-05-29,UNLEADED_100,1.735,http://www.fuelprices.gr/files/deltia/EBDOM_DELTIO_29_05_2015.pdf
2015-06-05,UNLEADED_100,1.737,http://www.fuelprices.gr/files/deltia/EBDOM_DELTIO_05_06_2015.pdf
2015-06-12,UNLEADED_100,1.737,http://www.fuelprices.gr/files/deltia/EBDOM_DELTIO_12_06_2015.pdf
2015-06-19,UNLEADED_100,1.746,http://www.fuelprices.gr/files/deltia/EBDOM_DELTIO_19_06_2015.pdf
2015-06-26,UNLEADED_100,1.743,http://www.fuelprices.gr/files/deltia/EBDOM_DELTIO_26_06_2015.pdf
2015-07-03,UNLEADED_100,1.749,http://www.fuelprices.gr/files/deltia/EBDOM_DELTIO_03_07_2015.pdf
2015-07-10,UNLEADED_100,1.749,http://www.fuelprices.gr/files/deltia/EBDOM_DELTIO_10_07_2015.pdf
2015-07-17,UNLEADED_100,1.751,http://www.fuelprices.gr/files/deltia/EBDOM_DELTIO_17_07_2015.pdf
2015-07-24,UNLEADED_100,1.747,http://www.fuelprices.gr/files/deltia/EBDOM_DELTIO_24_07_2015.pdf
2015-07-31,UNLEADED_100,1.736,http://www.fuelprices.gr/files/deltia/EBDOM_DELTIO_31_07_2015.pdf
2015-08-07,UNLEADED_100,1.724,http://www.fuelprices.gr/files/deltia/EBDOM_DELTIO_07_08_2015.pdf
2015-08-14,UNLEADED_100,1.712,http://www.fuelprices.gr/files/deltia/EBDOM_DELTIO_14_08_2015.pdf
2015-08-21,UNLEADED_100,1.702,http://www.fuelprices.gr/files/deltia/EBDOM_DELTIO_21_08_2015.pdf
2015-08-28,UNLEADED_100,1.668,http://www.fuelprices.gr/files/deltia/EBDOM_DELTIO_28_08_2015.pdf
2015-09-04,UNLEADED_100,1.652,http://www.fuelprices.gr/files/deltia/EBDOM_DELTIO_04_09_2015.pdf
2015-09-11,UNLEADED_100,1.652,http://www.fuelprices.gr/files/deltia/EBDOM_DELTIO_11_09_2015.pdf
2015-09-25,UNLEADED_100,1.631,http://www.fuelprices.gr/files/deltia/EBDOM_DELTIO_25_09_2015.pdf
2015-10-02,UNLEADED_100,1.625,http://www.fuelprices.gr/files/deltia/EBDOM_DELTIO_02_10_2015.pdf
2015-10-09,UNLEADED_100,1.621,http://www.fuelprices.gr/files/deltia/EBDOM_DELTIO_09_10_2015.pdf
2015-10-16,UNLEADED_100,1.62,http://www.fuelprices.gr/files/deltia/EBDOM_DELTIO_16_10_2015.pdf
2015-10-23,UNLEADED_100,1.611,http://www.fuelprices.gr/files/deltia/EBDOM_DELTIO_23_10_2015.pdf
2015-10-30,UNLEADED_100,1.605,http://www.fuelprices.gr/files/deltia/EBDOM_DELTIO_30_10_2015.pdf
2015-11-06,UNLEADED_100,1.606,http://www.fuelprices.gr/files/deltia/EBDOM_DELTIO_06_11_2015.pdf
2015-11-13,UNLEADED_100,1.607,http://www.fuelprices.gr/files/deltia/EBDOM_DELTIO_13_11_2015.pdf
2015-11-20,UNLEADED_100,1.602,http://www.fuelprices.gr/files/deltia/EBDOM_DELTIO_20_11_2015.pdf
2015-11-27,UNLEADED_100,1.606,http://www.fuelprices.gr/files/deltia/EBDOM_DELTIO_27_11_2015.pdf
2015-12-04,UNLEADED_100,1.611,http://www.fuelprices.gr/files/deltia/EBDOM_DELTIO_04_12_2015.pdf
2015-12-11,UNLEADED_100,1.602,http://www.fuelprices.gr/files/deltia/EBDOM_DELTIO_11_12_2015.pdf
2015-12-18,UNLEADED_100,1.594,http://www.fuelprices.gr/files/deltia/EBDOM_DELTIO_18_12_2015.pdf
2015-12-25,UNLEADED_100,1.597,http://www.fuelprices.gr/files/deltia/EBDOM_DELTIO_25_12_2015.pdf
2016-01-01,UNLEADED_100,1.588,http://www.fuelprices.gr/files/deltia/EBDOM_DELTIO_01_01_2016.pdf
2015-01-02,UNLEADED_95,1.388,http://www.fuelprices.gr/files/deltia/EBDOM_DELTIO_02_01_2015.pdf
2015-01-09,UNLEADED_95,1.367,http://www.fuelprices.gr/files/deltia/EBDOM_DELTIO_09_01_2015.pdf
2015-01-16,UNLEADED_95,1.347,http://www.fuelprices.gr/files/deltia/EBDOM_DELTIO_16_01_2015.pdf
2015-01-23,UNLEADED_95,1.345,http://www.fuelprices.gr/files/deltia/EBDOM_DELTIO_23_01_2015.pdf
2015-01-30,UNLEADED_95,1.357,http://www.fuelprices.gr/files/deltia/EBDOM_DELTIO_30_01_2015.pdf
2015-02-06,UNLEADED_95,1.403,http://www.fuelprices.gr/files/deltia/EBDOM_DELTIO_06_02_2015.pdf
2015-02-13,UNLEADED_95,1.432,http://www.fuelprices.gr/files/deltia/EBDOM_DELTIO_13_02_2015.pdf
2015-02-20,UNLEADED_95,1.449,http://www.fuelprices.gr/files/deltia/EBDOM_DELTIO_20_02_2015.pdf
2015-02-27,UNLEADED_95,1.457,http://www.fuelprices.gr/files/deltia/EBDOM_DELTIO_27_02_2015.pdf
2015-03-06,UNLEADED_95,1.486,http://www.fuelprices.gr/files/deltia/EBDOM_DELTIO_02_03_2015.pdf
2015-03-13,UNLEADED_95,1.495,http://www.fuelprices.gr/files/deltia/EBDOM_DELTIO_13_03_2015.pdf
2015-03-20,UNLEADED_95,1.494,http://www.fuelprices.gr/files/deltia/EBDOM_DELTIO_20_03_2015.pdf
2015-03-27,UNLEADED_95,1.49,http://www.fuelprices.gr/files/deltia/EBDOM_DELTIO_27_03_2015.pdf
2015-04-03,UNLEADED_95,1.49,http://www.fuelprices.gr/files/deltia/EBDOM_DELTIO_03_04_2015.pdf
2015-04-10,UNLEADED_95,1.488,http://www.fuelprices.gr/files/deltia/EBDOM_DELTIO_10_04_2015.pdf
2015-04-17,UNLEADED_95,1.509,http://www.fuelprices.gr/files/deltia/EBDOM_DELTIO_17_04_2015.pdf
2015-04-24,UNLEADED_95,1.528,http://www.fuelprices.gr/files/deltia/EBDOM_DELTIO_24_04_2015.pdf
2015-05-01,UNLEADED_95,1.542,http://www.fuelprices.gr/files/deltia/EBDOM_DELTIO_01_05_2015.pdf
2015-05-08,UNLEADED_95,1.544,http://www.fuelprices.gr/files/deltia/EBDOM_DELTIO_08_05_2015.pdf
2015-05-15,UNLEADED_95,1.536,http://www.fuelprices.gr/files/deltia/EBDOM_DELTIO_15_05_2015.pdf
2015-05-22,UNLEADED_95,1.534,http://www.fuelprices.gr/files/deltia/EBDOM_DELTIO_22_05_2015.pdf
2015-05-29,UNLEADED_95,1.538,http://www.fuelprices.gr/files/deltia/EBDOM_DELTIO_29_05_2015.pdf
2015-06-05,UNLEADED_95,1.545,http://www.fuelprices.gr/files/deltia/EBDOM_DELTIO_05_06_2015.pdf
2015-06-12,UNLEADED_95,1.548,http://www.fuelprices.gr/files/deltia/EBDOM_DELTIO_12_06_2015.pdf
2015-06-19,UNLEADED_95,1.563,http://www.fuelprices.gr/files/deltia/EBDOM_DELTIO_19_06_2015.pdf
2015-06-26,UNLEADED_95,1.557,http://www.fuelprices.gr/files/deltia/EBDOM_DELTIO_26_06_2015.pdf
2015-07-03,UNLEADED_95,1.56,http://www.fuelprices.gr/files/deltia/EBDOM_DELTIO_03_07_2015.pdf
2015-07-10,UNLEADED_95,1.56,http://www.fuelprices.gr/files/deltia/EBDOM_DELTIO_10_07_2015.pdf
2015-07-17,UNLEADED_95,1.557,http://www.fuelprices.gr/files/deltia/EBDOM_DELTIO_17_07_2015.pdf
2015-07-24,UNLEADED_95,1.544,http://www.fuelprices.gr/files/deltia/EBDOM_DELTIO_24_07_2015.pdf
2015-07-31,UNLEADED_95,1.52,http://www.fuelprices.gr/files/deltia/EBDOM_DELTIO_31_07_2015.pdf
2015-08-07,UNLEADED_95,1.504,http://www.fuelprices.gr/files/deltia/EBDOM_DELTIO_07_08_2015.pdf
2015-08-14,UNLEADED_95,1.483,http://www.fuelprices.gr/files/deltia/EBDOM_DELTIO_14_08_2015.pdf
2015-08-21,UNLEADED_95,1.47,http://www.fuelprices.gr/files/deltia/EBDOM_DELTIO_21_08_2015.pdf
2015-08-28,UNLEADED_95,1.423,http://www.fuelprices.gr/files/deltia/EBDOM_DELTIO_28_08_2015.pdf
2015-09-04,UNLEADED_95,1.413,http://www.fuelprices.gr/files/deltia/EBDOM_DELTIO_04_09_2015.pdf
2015-09-11,UNLEADED_95,1.42,http://www.fuelprices.gr/files/deltia/EBDOM_DELTIO_11_09_2015.pdf
2015-09-25,UNLEADED_95,1.401,http://www.fuelprices.gr/files/deltia/EBDOM_DELTIO_25_09_2015.pdf
2015-10-02,UNLEADED_95,1.398,http://www.fuelprices.gr/files/deltia/EBDOM_DELTIO_02_10_2015.pdf
2015-10-09,UNLEADED_95,1.396,http://www.fuelprices.gr/files/deltia/EBDOM_DELTIO_09_10_2015.pdf
2015-10-16,UNLEADED_95,1.393,http://www.fuelprices.gr/files/deltia/EBDOM_DELTIO_16_10_2015.pdf
2015-10-23,UNLEADED_95,1.378,http://www.fuelprices.gr/files/deltia/EBDOM_DELTIO_23_10_2015.pdf
2015-10-30,UNLEADED_95,1.373,http://www.fuelprices.gr/files/deltia/EBDOM_DELTIO_30_10_2015.pdf
2015-11-06,UNLEADED_95,1.382,http://www.fuelprices.gr/files/deltia/EBDOM_DELTIO_06_11_2015.pdf
2015-11-13,UNLEADED_95,1.385,http://www.fuelprices.gr/files/deltia/EBDOM_DELTIO_13_11_2015.pdf
2015-11-20,UNLEADED_95,1.372,http://www.fuelprices.gr/files/deltia/EBDOM_DELTIO_20_11_2015.pdf
2015-11-27,UNLEADED_95,1.379,http://www.fuelprices.gr/files/deltia/EBDOM_DELTIO_27_11_2015.pdf
2015-12-04,UNLEADED_95,1.387,http://www.fuelprices.gr/files/deltia/EBDOM_DELTIO_04_12_2015.pdf
2015-12-11,UNLEADED_95,1.367,http://www.fuelprices.gr/files/deltia/EBDOM_DELTIO_11_12_2015.pdf
2015-12-18,UNLEADED_95,1.355,http://www.fuelprices.gr/files/deltia/EBDOM_DELTIO_18_12_2015.pdf
2015-12-25,UNLEADED_95,1.351,http://www.fuelprices.gr/files/deltia/EBDOM_DELTIO_25_12_2015.pdf
2016-01-01,UNLEADED_95,1.346,http://www.fuelprices.gr/files/deltia/EBDOM_DELTIO_01_01_2016.pdf
